<?xml version="1.0" encoding="UTF-8"?>

<beans:beans xmlns="http://www.springframework.org/schema/security"
  xmlns:beans="http://www.springframework.org/schema/beans"
  xmlns:oauth="http://www.springframework.org/schema/security/oauth2"
  xmlns:xsi="http://www.w3.org/2001/XMLSchema-instance"
  xsi:schemaLocation="http://www.springframework.org/schema/beans http://www.springframework.org/schema/beans/spring-beans-2.0.xsd
              http://www.springframework.org/schema/security http://www.springframework.org/schema/security/spring-security-3.0.xsd
              http://www.springframework.org/schema/security/oauth2 http://www.springframework.org/schema/security/spring-security-oauth2.xsd">

  <http auto-config='true' access-denied-page="/login.jsp">
    <intercept-url pattern="/xml/photos" access="ROLE_USER" />
    <intercept-url pattern="/json/photos" access="ROLE_USER" />
    <intercept-url pattern="/photo/**" access="ROLE_USER" />
    <intercept-url pattern="/oauth/**" access="ROLE_USER" />
    <intercept-url pattern="/request_token_authorized.jsp" access="ROLE_USER" />
    <intercept-url pattern="/**" access="IS_AUTHENTICATED_ANONYMOUSLY" />

    <form-login authentication-failure-url="/login.jsp" default-target-url="/index.jsp" login-page="/login.jsp" login-processing-url="/login.do"/>
    <logout logout-success-url="/index.jsp" logout-url="/logout.do"/>
  </http>

  <authentication-manager>
    <authentication-provider>
      <user-service>
        <user name="marissa" password="koala" authorities="ROLE_USER" />
        <user name="paul" password="emu" authorities="ROLE_USER" />
      </user-service>
    </authentication-provider>
  </authentication-manager>

  <beans:bean id="tokenServices" class="org.springframework.security.oauth2.provider.token.InMemoryOAuth2ProviderTokenServices">
    <beans:property name="supportRefreshToken" value="true"/>
  </beans:bean>

  <oauth:provider client-details-service-ref="clientDetails" token-services-ref="tokenServices" >
    <oauth:verification-code user-approval-page="/oauth/confirm_access"/>
  </oauth:provider>

  <oauth:client-details-service id="clientDetails">
    <oauth:client clientId="my-trusted-client" authorizedGrantTypes="password,authorization_code,refresh_token"/>
    <oauth:client clientId="my-less-trusted-client" authorizedGrantTypes="authorization_code"/>
    <oauth:client clientId="tonr" authorizedGrantTypes="authorization_code"/>
  </oauth:client-details-service>

</beans:beans>
