<?xml version="1.0" encoding="UTF-8"?>

<beans:beans xmlns="http://www.springframework.org/schema/security"
  xmlns:beans="http://www.springframework.org/schema/beans"
  xmlns:oauth="http://www.springframework.org/schema/security/oauth2"
  xmlns:xsi="http://www.w3.org/2001/XMLSchema-instance"
  xsi:schemaLocation="http://www.springframework.org/schema/beans http://www.springframework.org/schema/beans/spring-beans-2.0.xsd
              http://www.springframework.org/schema/security http://www.springframework.org/schema/security/spring-security-3.0.xsd
              http://www.springframework.org/schema/security/oauth2 http://www.springframework.org/schema/security/spring-security-oauth2.xsd">

  <beans:bean id="propertyConfigurer" class="org.springframework.beans.factory.config.PropertyPlaceholderConfigurer">
    <beans:property name="location" value="/WEB-INF/sparklr.properties"/>
  </beans:bean>

  <http auto-config='true' access-denied-page="/login.jsp">
    <intercept-url pattern="/sparklr/**" access="ROLE_USER" />
    <intercept-url pattern="/facebook/**" access="ROLE_USER" />
    <intercept-url pattern="/**" access="IS_AUTHENTICATED_ANONYMOUSLY" />

    <form-login authentication-failure-url="/login.jsp" default-target-url="/index.jsp" login-page="/login.jsp" login-processing-url="/login.do"/>
    <logout logout-success-url="/index.jsp" logout-url="/logout.do"/>
  </http>

  <authentication-manager>
    <authentication-provider>
      <user-service>
        <user name="marissa" password="wombat" authorities="ROLE_USER" />
        <user name="sam" password="kangaroo" authorities="ROLE_USER" />
      </user-service>
    </authentication-provider>
  </authentication-manager>

  <!--apply the oauth client context-->
  <oauth:client/>

  <!--define an oauth 2 resource for sparklr-->
  <oauth:resource id="sparklr" type="authorization_code" clientId="tonr"
                  accessTokenUri="http://localhost:8080/sparklr/oauth/authorize"
                  userAuthorizationUri="http://localhost:8080/sparklr/oauth/user/authorize"/>

  <!--define an oauth 2 resource for facebook. according to the facebook docs, the 'clientId' is the App ID, and the 'clientSecret' is the App Secret -->
  <oauth:resource id="facebook" type="authorization_code" clientId="162646850439461" clientSecret="560ad91d992d60298ae6c7f717c8fc93"
                  bearerTokenMethod="query" bearerTokenName="access_token"
                  accessTokenUri="https://graph.facebook.com/oauth/access_token"
                  userAuthorizationUri="https://graph.facebook.com/oauth/authorize"/>
</beans:beans>
